Nome: Bryan | Email: bryan.matias@gmail.com | Senha: 123 | Tipo: 1
Nome: Victor Laluce | Email: victor.frigerio@gmail.com | Senha: 1231 | Tipo: 1
Nome: Victor Laluce | Email: victor.frigerio@gmail.com | Senha: 1231 | Tipo: 1
Nome: Victor Laluce | Email: victor.frigerio@gmail.com | Senha: 1231 | Tipo: 1
Nome: Victor Laluce | Email: victor.frigerio@gmail.com | Senha: 1231 | Tipo: 1
Nome: Brissi | Email: brissi@gmail.com | Senha: brissi123 | Tipo: 1
Nome: Brissi | Email: brissi@gmail.com | Senha: brissi123 | Tipo: 1
Nome: Brissi | Email: brissi@gmail.com | Senha: brissi123 | Tipo: 1
Nome: Brissi | Email: brissi@gmail.com | Senha: brissi123 | Tipo: 1
Nome: Brissi | Email: brissi123@gmail.com | Senha: 123 | Tipo: 1
Nome: Bryan | Email: bryan.matias@gmail.com | Senha: 1212 | Tipo: 1
Nome: Jo達o gabriel | Email: jo達o@gmail.com | Senha: 12233 | Tipo: 2
Nome: Bryan | Email: bryan.matias@gmail.com | Senha: 1212 | Tipo: 1
Nome: Anderson | Email: anderson@gmail.com | Senha: 221 | Tipo: 2
Nome: Lucas | Email: lucas@gmail.com | Senha: 1234 | Tipo: 1
Nome: Bryan | Email: bryan.matias@gmail.com | Senha: 1212 | Tipo: 1
Nome: Jo達o gabriel | Email: jo達o@gmail.com | Senha: 1122 | Tipo: 1
Nome: Lucas | Email: lucas@gmail.com | Senha: 2121 | Tipo: 1
Nome: Anderson | Email: anderson@gmail.com | Senha: 1234 | Tipo: 2
Nome: vini | Email: vinicius | Senha: 2222 | Tipo: 1
Nome: carlos | Email: carlos@gmail.com | Senha: 44 | Tipo: 2
Nome: Fulano | Email: fulano@gmail.com | Senha: 333 | Tipo: 1
Nome: Bryan | Email: bryan.matias@gmail.com | Senha: 1212 | Tipo: 1
Nome: bryan | Email: bryan@gmail.com | Senha: 1212 | Tipo: 1
